{
  "apiAdministratorEmailDescription": "Ustaw adres e-mail, aby otrzymywać wszystkie powiadomienia systemowe wysyłane z usługi API Management.",
  "apiAdministratorEmailLabel": "_Adres e-mail administratora",
  "apiManagementAzureDisplayName": "Usługa Azure API Management",
  "apiManagementAzureDescription": "Publikuj interfejsy API w usłudze API Management do używania przez usługi Azure Logic Apps i Power Apps",
  "apiManagementApiAzureDescription": "Publikuj interfejsy API w usłudze API Management do używania przez usługi Azure Logic Apps i Power Apps",
  "apiManagementApiAzureDisplayName": "Interfejs API w usłudze API Management",
  "apiManagementApiNameNotAvailable": "Nazwa jest niedostępna",
  "apiManagementApiResourceNameLabel": "_Nazwa interfejsu API",
  "apiManagementApiUnableToCheckNameAvailable": "Nie można sprawdzić dostępności nazwy",
  "apimangementApiCreateNameInstance": "Utwórz interfejs API usługi API Management",
  "apimapiNameNotMeetCriteria": "Nazwa interfejsu API musi zaczynać i kończyć się znakiem alfanumerycznym oraz może zawierać wyłącznie znaki alfanumeryczne i łączniki.",
  "apiURLSuffixDescription": "Ścieżka w domenie nazwy usługi interfejsu API",
  "apiURLSuffixLabel": "Sufiks adresu _URL interfejsu API",
  "apiSelectedServiceMustBeSet": "Należy wybrać usługę",
  "apiManagementApisFolderName": "Interfejsy API",
  "apiURLSuffixMustBeUniqueInService": "Sufiks adresu URL musi być unikatowy w obrębie pojedynczego wystąpienia usługi.",
  "apiServicesDropdownLabel": "Usługa API _Management",
  "apiServicesDropdownDescription": "Lista usług zarządzania interfejsami API, które mogą hostować ten interfejs API",
  "apiManagementDisplayBasic": "Podstawowa (umowa SLA 99,9%)",
  "apiManagementDisplayConsumption": "Zużycie (umowa SLA 99,9%)",
  "apiManagementDisplayDeveloper": "Deweloper (brak umowy SLA)",
  "apiManagementDisplayPremium": "Premium (umowa SLA 99,99%)",
  "apiManagementDisplayStandard": "Standardowa (umowa SLA 99,9%)",
  "apimangementCreateNameInstance": "Utwórz nową usługę API Management",
  "apiManagementUnableToCheckName": "Nie można sprawdzić nazwy",
  "apiManagementResourceNameLabel": "_Nazwa",
  "apiManagementNameNotAvailable": "Nazwa jest już używana",
  "apiManagementNameNotMeetCriteria": "Nazwa musi mieć długość od 1 do 50 znaków, rozpoczynać się literą i zawierać tylko litery i cyfry",
  "apiManagementAzureCollectiveNoun": "Wystąpienia usługi API Management",
  "apiManagementApiAzureCollectiveNoun": "Interfejsy API usługi API Management",
  "appInsightsAzureDescription": "Monitoruj wydajność i użycie aplikacji internetowych (przy użyciu połączenia z wystąpieniem uruchomionym na platformie Azure)",
  "appInsightsCollectiveNoun": "Wystąpienia usługi Application Insights",
  "appInsightsCreateNameInstance": "Utwórz składnik usługi Application Insights",
  "appInsightsDisplayName": "Application Insights",
  "appInsightsLogAnalyticsDropdownDescription": "Przechowywanie danych analitycznych",
  "appInsightsLogAnalyticsDropdownLabel": "Obszar roboczy usługi Azure Log _Analytics",
  "appInsightsLogAnalyticsMustBeSet": "Należy ustawić obszar roboczy usługi Log Analytics",
  "appInsightsNameContainsReservedWords": "Nazwa zasobu nie może zawierać żadnych wyrazów zastrzeżonych ani zawierających znaki towarowe.",
  "appInsightsNameNotAvailable": "Nazwa jest już używana",
  "appInsightsNameNotMeetCriteria": "Nazwa musi zawierać od 1 do 256 znaków. Ponadto można używać jedynie znaków alfanumerycznych i łączników.",
  "appInsightsResourceNameLabel": "_Nazwa",
  "appInsightsToLogAnalyticsLocationMismatchWarning": "Hosting usługi Application Insights w {0} zamiast {1}, gdzie obszar roboczy usługi Log Analytics może mieć wpływ na wydajność, koszty i zgodność",
  "appInsightsUnableToCheckNameAvailable": "Nie można sprawdzić dostępności nazwy",
  "appInsightsUnableToCheckNameValid": "Nie można sprawdzić, czy nazwa jest prawidłowa.",
  "springCloudServiceAppInsightsDropdownDescription": "Zapisz dane śledzenia",
  "springCloudServiceAppInsightsDropdownLabel": "Azure A_pp Insights",
  "springCloudServiceLogAnalyticsDropdownDescription": "Zapisz dane analityczne",
  "springCloudServiceLogAnalyticsDropdownLabel": "Obszar roboczy usługi Azure Log _Analytics",
  "logAnalyticsAzureDescription": "Łatwo zapisuj i przechowuj dane zebrane z monitorowanych zasobów na platformie Azure oraz wykonuj względem nich zapytania",
  "logAnalyticsUnableToCheckNameAvailable": "Nie można sprawdzić dostępności nazwy",
  "logAnalyticsAzureCollectiveNoun": "Obszary robocze usługi Azure Log Analytics",
  "logAnalyticsNameNotAvailable": "Nazwa jest niedostępna",
  "logAnalyticsCreateNameInstance": "Utwórz obszar roboczy usługi Azure Log Analytics",
  "logAnalyticsSkuDropDownName": "S_KU",
  "logAnalyticsSkuDropDownDescription": "Koszt obszaru roboczego zależy od warstwy cenowej i używanych rozwiązań.",
  "logAnalyticsSkuDisplayPerg2018": "Płatność zgodnie z rzeczywistym użyciem (Za GB 2018)",
  "logAnalyticsNameNotMeetCriteria": "Nazwa obszaru roboczego musi mieć długość od 4 do 63 znaków i może ona zawierać tylko litery, cyfry i znaki „-”. Znak „-” nie może być pierwszym ani ostatnim znakiem.",
  "logAnalyticsSelectedSkuMustBeSet": "Należy określić jednostkę SKU",
  "logAnalyticsResourceNameLabel": "_Nazwa",
  "logAnalyticsDisplayName": "Obszar roboczy usługi Azure Log Analytics",
  "appConfigAzureDependencyTypeName": "Azure App Configuration",
  "appConfigAzureDisplayName": "Azure App Configuration",
  "appConfigAzureDescription": "Łatwo uzyskuj dostęp do ustawień klucz-wartość aplikacji i flag funkcji zarządzanych centralnie na platformie Azure.",
  "appConfigCollectiveNoun": "Magazyny usługi App Configuration",
  "appConfigResourceNameLabel": "_Nazwa zasobu",
  "appConfigCreateNameInstance": "Utwórz magazyn usługi Azure App Configuration.",
  "appConfigFreeSkuLimitReached": "Subskrypcja osiągnęła limit 1 zasobu konfiguracji aplikacji w warstwie Bezpłatna.",
  "appConfigNameContainsReservedWords": "Nazwa nie może zawierać żadnych wyrazów zastrzeżonych ani zawierających znaki towarowe.",
  "appConfigNameNotAvailable": "Nazwa jest niedostępna.",
  "appConfigNameNotMeetCriteria": "Nazwa może składać się tylko z alfanumerycznych znaków ASCII i znaków „-” oraz zawierać od 5 do 50 znaków.",
  "appConfigSelectedSkuMustBeSet": "Warstwa cenowa musi być określona.",
  "appConfigSkuDropDownDescription": "Wybierz warstwę cenową zgodną z wymaganiami dotyczącymi magazynowania i umowy SLA dla Twojej aplikacji.",
  "appConfigSkuDropDownName": "Warstwa _cenowa",
  "appConfigSkuDisplayFree": "Bezpłatna",
  "appConfigSkuDisplayStandard": "Standardowa",
  "appConfigUnableToAccess": "Nie można uzyskać dostępu do magazynu usługi App Configuration „{0}”. Sprawdź, czy on nadal istnieje i jest dostępny.",
  "appConfigUnableToCheckNameAvailable": "Nie można sprawdzić dostępności nazwy.",
  "appConfigUnableToCheckNameValid": "Nie można sprawdzić, czy nazwa jest prawidłowa.",
  "containerAppsAzureDisplayName": "Azure Container Apps",
  "containerAppsAzureDescription": "Uruchamiaj skalowalne konteneryzowane aplikacje i mikrousługi na platformie bezserwerowej na platformie Azure",
  "containerAppsCollectiveNoun": "Aplikacje kontenera",
  "containerAppsCreateNameInstance": "Utwórz aplikację kontenera platformy Azure",
  "containerAppsResourceNameLabel": "nazwa aplikacji C_ontainer",
  "containerAppsContainerNameLabel": "_Nazwa kontenera",
  "containerAppsContainerNameDescription": "Nazwa pierwszego kontenera w aplikacji kontenerów",
  "containerAppsContainerNameNotMeetCriteria": "Nazwa kontenera musi składać się z 1 do 63 znaków, rozpoczynać się małą literą lub cyfrą, zawierać małe litery, cyfry i łączniki oraz kończyć się małą literą lub cyfrą",
  "containerAppsNameContainsReservedWords": "Nazwa aplikacji kontenera nie może zawierać żadnych słów zastrzeżonych ani znaków towarowych.",
  "containerAppsNameNotMeetCriteria": "Nazwa aplikacji kontenera musi zawierać od 2 do 32 znaków, zaczynać się małą literą, zawierać małe litery, cyfry i łączniki oraz kończyć się małą literą lub cyfrą",
  "containerAppsNameNotAvailable": "Nazwa aplikacji kontenera jest niedostępna",
  "containerAppsUnableToCheckNameAvailable": "Nie można sprawdzić, czy nazwa aplikacji kontenera jest dostępna",
  "containerAppsUnableToCheckNameValid": "Nie można sprawdzić, czy nazwa jest prawidłowa.",
  "containerAppsLocationMustBeSet": "Należy określić lokalizację",
  "containerAppsManagedEnvironmentDisplayName": "Środowisko usługi Azure Container Apps",
  "containerAppsManagedEnvironmentCollectiveNoun": "Środowiska platformy Container Apps",
  "containerAppsManagedEnvironmentMustBeSet": "Środowisko usługi Container Apps musi być ustawione",
  "containerAppsManagedEnvDropDownName": "Środowisko usługi C_ontainer Apps",
  "containerAppsManagedEnvDropDownDescription": "Wybierz środowisko dla aplikacji kontenera do uruchomienia w usłudze",
  "cosmosdbAzureDependencyTypeName": "Azure Cosmos DB",
  "cosmosdbAzureDisplayName": "Azure Cosmos DB",
  "cosmosdbAzureDescription": "Używaj wysoce skalowalnych, spójnych i replikowanych geograficznie magazynów danych.",
  "cosmosdbApiDropDownName": "_API",
  "cosmosdbApiDropDownDescription": "Cosmos DB to usługa wielomodelowej bazy danych. Wybierz interfejs API i model danych do użycia z tym kontem",
  "cosmosdbApiCoreName": "Podstawowe (SQL)",
  "cosmosdbApiCassandraName": "Cassandra",
  "cosmosdbApiTableName": "Tabela platformy Azure",
  "cosmosdbApiGremlinName": "Gremlin (graf)",
  "cosmosdbApiMongoName": "Azure Cosmos DB for MongoDB API",
  "cosmosdbCollectiveNoun": "Wystąpienia usługi Cosmos DB",
  "cosmosdbResourceNameLabel": "_Nazwa zasobu",
  "cosmosdbCreateNameInstance": "Utwórz usługę Azure Cosmos DB",
  "cosmosDbNameContainsReservedWords": "Nazwa nie może zawierać żadnych wyrazów zastrzeżonych ani zawierających znaki towarowe.",
  "cosmosDbNameNotAvailable": "Nazwa jest niedostępna",
  "cosmosDbNameNotMeetCriteria": "Nazwa może zawierać tylko małe litery, cyfry i łączniki oraz musi zawierać od 3 do 31 znaków.",
  "cosmosDbUnableToCheckNameAvailable": "Nie można sprawdzić dostępności nazwy",
  "cosmosDbUnableToCheckNameValid": "Nie można sprawdzić, czy nazwa jest prawidłowa.",
  "cosmosDbSelectedApiMustBeSet": "Należy określić interfejs API",
  "formatDisplayNameWithLocation": "{0} ({1})",
  "formatDisplayNameNewItemWithLocation": "*{0} ({1})",
  "indicatorColumnHeader": "",
  "managedEnvironmentDisplayName": "Środowisko usługi Azure Container Apps",
  "managedEnvironmentDescription": "Środowisko oparte na usłudze Kubernetes, w którym jest uruchamiana usługa Container Apps",
  "managedEnvironmentCollectiveNoun": "Środowiska aplikacji kontenera",
  "managedEnvironmentsCreateNameInstance": "Utwórz środowisko usługi Azure Container Apps",
  "managedEnvironmentResourceNameLabel": "_Nazwa środowiska",
  "managedEnvironmentNameNotMeetCriteria": "Nazwa środowiska musi mieć długość od 2 do 60 znaków, zaczynać się literą lub cyfrą, zawierać litery, cyfry i łączniki oraz kończyć literą lub cyfrą",
  "managedEnvironmentNameNotAvailable": "Nazwa środowiska jest niedostępna",
  "managedEnvironmentUnableToCheckNameAvailable": "Nie można sprawdzić nazwy środowiska",
  "managedEnvironmentNameContainsReservedWords": "Nazwa środowiska nie może zawierać żadnych wyrazów zastrzeżonych ani znaków towarowych.",
  "managedEnvironmentUnableToCheckNameValid": "Nie można sprawdzić, czy nazwa środowiska jest prawidłowa",
  "managedEnvironmentLocationMustBeSet": "Należy określić lokalizację",
  "managedEnvironmentLogAnalyticsMustBeSet": "Należy ustawić usługę Analiza dzienników",
  "managedEnvironmentCreateNewInstanceDescription": "Utwórz środowisko usługi Azure Container Apps",
  "managedEnvironmentLogAnalyticsDropdownDescription": "Przechowuj dane analityczne",
  "managedEnvironmentLogAnalyticsDropdownLabel": "Obszar roboczy usługi Azure Log _Analytics",
  "managedEnvNoMoreThan2PerSubscription": "Subskrypcja nie może zawierać więcej niż 2 zarządzane środowiska",
  "pricingTierColumnHeader": "_Warstwa",
  "pricingTierDropDownDescription": "Wybierz cenę i charakterystykę niezawodności usługi",
  "pricingTierDropDownName": "Warstwa _cenowa",
  "redisAzureCollectiveNoun": "Pamięci podręczne Azure Redis Cache",
  "redisAzureDependencyTypeName": "Azure Cache for Redis",
  "redisAzureDisplayName": "Azure Cache for Redis",
  "redisAzureDescription": "Ułatw aplikacji szybkie odpowiadanie nawet po wzroście jej obciążenia wywołanym wzrostem liczby użytkowników, korzystając z funkcji aparatu Redis o niskim opóźnieniu i wysokiej przepływności.",
  "redisSkuDropDownName": "Jednostka _SKU",
  "redisSkuDropDownDescription": "Wybierz jednostkę SKU, która będzie zgodna z rozmiarem pamięci podręcznej i potrzebami aplikacji w zakresie replikacji",
  "redisSkuDisplayBasicC0": "Podstawowa C0 (250 MB pamięci podręcznej)",
  "redisSkuDisplayBasicC1": "Podstawowa C1 (1 GB pamięci podręcznej)",
  "redisSkuDisplayBasicC2": "Podstawowa C2 (2,5 GB pamięci podręcznej)",
  "redisSkuDisplayBasicC3": "Podstawowa C3 (6 GB pamięci podręcznej)",
  "redisSkuDisplayBasicC4": "Podstawowa C4 (13 GB pamięci podręcznej)",
  "redisSkuDisplayBasicC5": "Podstawowa C5 (26 GB pamięci podręcznej)",
  "redisSkuDisplayBasicC6": "Podstawowa C6 (53 GB pamięci podręcznej)",
  "redisSkuDisplayStandardC0": "Standardowa C0 (250 MB pamięci podręcznej, replikacja)",
  "redisSkuDisplayStandardC1": "Standardowa C1 (1 GB pamięci podręcznej, replikacja)",
  "redisSkuDisplayStandardC2": "Standardowa C2 (2,5 GB pamięci podręcznej, replikacja)",
  "redisSkuDisplayStandardC3": "Standardowa C3 (6 GB pamięci podręcznej, replikacja)",
  "redisSkuDisplayStandardC4": "Standardowa C4 (13 GB pamięci podręcznej, replikacja)",
  "redisSkuDisplayStandardC5": "Standardowa C5 (26 GB pamięci podręcznej, replikacja)",
  "redisSkuDisplayStandardC6": "Standardowa C6 (53 GB pamięci podręcznej, replikacja)",
  "redisSkuDisplayPremiumP1": "Premium P1 (1 GB pamięci podręcznej, replikacja)",
  "redisSkuDisplayPremiumP2": "Premium P2 (2,5 GB pamięci podręcznej, replikacja)",
  "redisSkuDisplayPremiumP3": "Premium P3 (6 GB pamięci podręcznej, replikacja)",
  "redisSkuDisplayPremiumP4": "Premium P4 (13 GB pamięci podręcznej, replikacja)",
  "redisSkuDisplayPremiumP5": "Premium P5 (26 GB pamięci podręcznej, replikacja)",
  "redisResourceNameLabel": "_Nazwa zasobu",
  "redisSelectedSkuMustBeSet": "Należy określić jednostkę SKU",
  "redisCreateNameInstance": "Utwórz usługę Azure Cache for Redis",
  "redisNameContainsReservedWords": "Nazwa nie może zawierać żadnych wyrazów zastrzeżonych ani zawierających znaki towarowe.",
  "redisNameNotAvailable": "Nazwa jest niedostępna",
  "redisNameNotMeetCriteria": "Nazwy mogą zawierać tylko litery, cyfry i łączniki. Pierwszy i ostatni znak muszą być literami lub cyframi. Następujące po sobie łączniki są niedozwolone.",
  "redisUnableToCheckNameAvailable": "Nie można sprawdzić dostępności nazwy",
  "redisUnableToCheckNameValid": "Nie można sprawdzić, czy nazwa jest prawidłowa.",
  "connectionStringNameLabel": "Nazwa _parametrów połączenia",
  "connectionStringNameDescription": "Nazwa, według której kod będzie odwoływać się do tego zasobu",
  "locationDropDownName": "_Lokalizacja",
  "locationDropDownDescription": "Lokalizacja, w której ma zostać utworzony zasób",
  "newCommandLabel": "Nowy...",
  "organizationNameIsRequired": "Organizacja jest wymagana",
  "organizationNameLabel": "_Organizacja",
  "organizationNameDescription": "Określ nazwę organizacji, która ma być używana w portalu deweloperów i powiadomieniach e-mail.",
  "resourceTypeNotSupportedError": "Typ zasobu nie jest obsługiwany w tej subskrypcji",
  "selectedLocationMustBeSet": "Należy określić lokalizację",
  "locationColumnHeader": "_Lokalizacja",
  "resourceGroupColumnHeader": "_Grupa zasobów",
  "nameColumnHeader": "_Nazwa",
  "skuColumnHeader": "Jednostka _SKU",
  "urlSuffixLengthMustBeValid": "Sufiks adresu URL musi być krótszy niż 400 znaków",
  "serviceLinkerDisplayName": "Łącznik usługi",
  "serviceLinkerAzureDescription": "Łącznik usługi tworzy połączenie między zasobami z obliczeniami i innymi zasobami platformy Azure",
  "serviceLinkerAzureCollectiveNoun": "Linki łącznika usługi",
  "signalrCollectiveNoun": "Wystąpienia usługi SignalR",
  "signalrAzureDescription": "Łatwo włącz komunikację w czasie rzeczywistym z aplikacją internetową.",
  "signalrAzureDisplayName": "Usługa Azure SignalR",
  "signalrPricingTierDropDownName": "_Warstwa cenowa",
  "signalrPricingTierDropDownDescription": "Wybierz jednostkę SKU, która będzie zgodna z rozmiarem pamięci podręcznej i potrzebami aplikacji w zakresie replikacji",
  "signalrPricingTierDisplayStandard": "Standardowa",
  "signalrPricingTierDisplayFree": "Bezpłatna",
  "signalrPricingTierDisplayPremium": "Premium",
  "signalrResourceNameLabel": "Nazwa _zasobu",
  "signalrNameNotMeetCriteria": "Nazwa musi zawierać od 3 do 63 znaków. Ponadto można używać jedynie znaków alfanumerycznych i łączników.",
  "signalrNameContainsReservedWords": "Nazwa zasobu nie może zawierać żadnych wyrazów zastrzeżonych ani zawierających znaki towarowe.",
  "signalrUnableToCheckNameAvailable": "Nie można sprawdzić dostępności nazwy",
  "signalrUnableToCheckNameValid": "Nie można sprawdzić, czy nazwa jest prawidłowa.",
  "signalrNameNotAvailable": "Nazwa jest już używana",
  "signalrSelectedSkuMustBeSet": "Należy określić jednostkę SKU",
  "signalrCreateInstanceText": "Utwórz wystąpienie usługi Azure SignalR",
  "signalrSkuCount": "Subskrypcja nie może mieć więcej niż 5 usług SignalR warstwy bezpłatnej",
  "azureKubernetesService": "Azure Kubernetes Service",
  "azureKubernetesServiceCollectiveNoun": "Azure Kubernetes Services",
  "azureKubernetesServiceDescription": "Aplikacja uruchamiana w usłudze Azure Kubernetes Service",
  "azureVirtualMachineScaleSet": "Zestaw skalowania maszyn wirtualnych platformy Azure",
  "azureVirtualMachineScaleSetCollectiveNoun": "Zestawy skalowania maszyn wirtualnych platformy Azure",
  "azureVirtualMachineScaleSetDescription": "Aplikacja uruchamiana w zestawie skalowania maszyn wirtualnych platformy Azure",
  "azureVirtualMachineScaleSetWindows": "Zestaw skalowania maszyn wirtualnych platformy Azure (Windows)",
  "azureVirtualMachineScaleSetWindowsCollectiveNoun": "Zestawy skalowania maszyn wirtualnych platformy Azure (Windows)",
  "azureVirtualMachineScaleSetWindowsDescription": "Aplikacja uruchamiana w zestawie skalowania maszyn wirtualnych platformy Azure (Windows)",
  "azureClassicVirtualMachine": "Klasyczna maszyna wirtualna platformy Azure",
  "azureClassicVirtualMachineCollectiveNoun": "Klasyczne maszyny wirtualne platformy Azure",
  "azureClassicVirtualMachineDescription": "Aplikacja uruchamiana na klasycznej maszynie wirtualnej platformy Azure",
  "azureClassicVirtualMachineWindows": "Klasyczna maszyna wirtualna platformy Azure (Windows)",
  "azureClassicVirtualMachineWindowsCollectiveNoun": "Klasyczne maszyny wirtualne platformy Azure (Windows)",
  "azureClassicVirtualMachineWindowsDescription": "Aplikacja uruchamiana na klasycznej maszynie wirtualnej platformy Azure (Windows)",
  "springCloudAppDescription": "Aplikacja działająca w usłudze Azure Spring Cloud.",
  "springCloudAppDisplayName": "Aplikacja Azure Spring Cloud",
  "springCloudAppsFolderName": "Aplikacje",
  "springCloudAppCollectiveNoun": "Aplikacje Azure Spring Cloud",
  "springCloudAppCreateNameInstance": "Utwórz aplikację Azure Spring Cloud",
  "springCloudAppResourceNameLabel": "_Nazwa aplikacji",
  "springCloudAppNameContainsReservedWords": "Nazwa aplikacji nie może zawierać żadnych wyrazów zastrzeżonych ani zawierających znaki towarowe.",
  "springCloudAppNameNotMeetCriteria": "Nazwa może zawierać tylko małe litery, cyfry i łączniki. Pierwszym znakiem musi być litera. Ostatnim znakiem musi być litera lub cyfra. Wartość musi mieć długość od 4 do 32 znaków.",
  "springCloudAppNameNotAvailable": "Nazwa jest już używana",
  "springCloudAppUnableToCheckNameAvailable": "Nie można sprawdzić dostępności nazwy",
  "springCloudAppUnableToCheckNameValid": "Nie można sprawdzić, czy nazwa jest prawidłowa.",
  "springCloudDeploymentCollectiveNoun": "Wdrożenia usługi Azure Spring Cloud",
  "springCloudDeploymentDescription": "Aplikacje usługi Azure Spring Cloud mogą hostować wiele wdrożeń na potrzeby testowania usług w środowiskach niebieskim/zielonym",
  "springCloudDeploymentDisplayName": "Wdrożenie usługi Azure Spring Cloud",
  "springCloudServiceCollectiveNoun": "Usługi Azure Spring Cloud",
  "springCloudServiceCreateNameInstance": "Utwórz usługę Azure Spring Cloud",
  "springCloudServiceDescription": "Azure Spring Cloud to bezserwerowa platforma mikrousług, która umożliwia tworzenie, wdrażanie, skalowanie i monitorowanie aplikacji w chmurze. Za pomocą platformy Spring Cloud możesz stosować nowoczesne wzorce mikrousług w aplikacjach Spring Boot, eliminując standardowy kod, aby szybko tworzyć niezawodne aplikacje platformy .NET.",
  "springCloudServiceDisplayName": "Azure Spring Cloud",
  "springCloudServiceLogAnalyticsMustBeSet": "Należy ustawić obszar roboczy usługi Log Analytics",
  "springCloudServiceResourceNameLabel": "_Nazwa usługi",
  "springCloudServiceNameNotMeetCriteria": "Nazwa może zawierać tylko małe litery, cyfry i łączniki. Pierwszym znakiem musi być litera. Ostatnim znakiem musi być litera lub cyfra. Wartość musi mieć długość od 4 do 32 znaków.",
  "springCloudServiceNameNotAvailable": "Nazwa jest już używana",
  "springCloudServiceUnableToCheckNameAvailable": "Nie można sprawdzić dostępności nazwy",
  "springCloudServicesDropdownLabel": "Azure S_pring Cloud",
  "springCloudServicesDropdownDescription": "Wybierz usługę Azure Spring Cloud, w której ta aplikacja będzie działać.",
  "springCloudServiceSkuBasic": "Podstawowa",
  "springCloudServiceSkuStandard": "Standardowa",
  "springCloudServiceLocationMustBeSet": "Należy określić lokalizację",
  "springCloudServiceNoAppInsights": "Brak usługi App Insights",
  "springCloudServiceNoLogAnalytics": "Brak usługi Log Analytics",
  "springCloudServiceAppInsightsMustBeSet": "Usługa App Insights musi być ustawiona",
  "springCloudServicePricingTierMustBeSet": "Warstwa cenowa musi być ustawiona",
  "springCloudServicePricingTiersLabel": "Warstwa _cenowa",
  "springCloudServicePricingTiersDescription": "Warstwa cenowa określa zasób i koszt skojarzony z wystąpieniem.",
  "springCloudServiceMustBeSet": "Usługa Azure Spring Cloud musi być ustawiona",
  "springCloudServiceNameContainsReservedWords": "Nazwa usługi nie może zawierać żadnych wyrazów zastrzeżonych ani zawierających znaki towarowe.",
  "springCloudServiceUnableToCheckNameValid": "Nie można sprawdzić, czy nazwa jest prawidłowa."
}