{
  "apiAdministratorEmailDescription": "Defina o endereço de email para receber todas as notificações do sistema enviadas do Gerenciamento de API.",
  "apiAdministratorEmailLabel": "Email do _administrador",
  "apiManagementAzureDisplayName": "Serviço de Gerenciamento de API do Azure",
  "apiManagementAzureDescription": "Publicar APIs para Gerenciamento de API para consumo por Aplicativos Lógicos do Azure e Power Apps",
  "apiManagementApiAzureDescription": "Publicar APIs para Gerenciamento de API para consumo por Aplicativos Lógicos do Azure e Power Apps",
  "apiManagementApiAzureDisplayName": "API no Gerenciamento de API",
  "apiManagementApiNameNotAvailable": "O nome não está disponível",
  "apiManagementApiResourceNameLabel": "Nome da _API",
  "apiManagementApiUnableToCheckNameAvailable": "Não é possível verificar a disponibilidade do nome",
  "apimangementApiCreateNameInstance": "Criar uma API de Gerenciamento de API",
  "apimapiNameNotMeetCriteria": "O nome da API precisa começar e terminar com um caractere alfanumérico e conter somente caracteres alfanuméricos e hifens.",
  "apiURLSuffixDescription": "Caminho no domínio do nome do Serviço de API",
  "apiURLSuffixLabel": "Sufixo de _URL da API",
  "apiSelectedServiceMustBeSet": "É necessário selecionar um serviço",
  "apiManagementApisFolderName": "APIs",
  "apiURLSuffixMustBeUniqueInService": "O Sufixo da URL precisa ser exclusivo em uma única instância de serviço",
  "apiServicesDropdownLabel": "Serviço de _Gerenciamento de API",
  "apiServicesDropdownDescription": "A lista dos serviços de Gerenciamento de API que podem hospedar esta API",
  "apiManagementDisplayBasic": "Básico (99,9% de SLA)",
  "apiManagementDisplayConsumption": "Consumo (99,9% de SLA)",
  "apiManagementDisplayDeveloper": "Desenvolvedor (Sem SLA)",
  "apiManagementDisplayPremium": "Premium (99,99% de SLA)",
  "apiManagementDisplayStandard": "Standard (99,9% de SLA)",
  "apimangementCreateNameInstance": "Criar um serviço de Gerenciamento de API",
  "apiManagementUnableToCheckName": "Não é possível verificar o nome",
  "apiManagementResourceNameLabel": "_Nome",
  "apiManagementNameNotAvailable": "O nome já está em uso",
  "apiManagementNameNotMeetCriteria": "O nome precisa ter entre 1 e 50 caracteres, começar com uma letra e conter somente letras e números",
  "apiManagementAzureCollectiveNoun": "Instâncias de Gerenciamento de API",
  "apiManagementApiAzureCollectiveNoun": "APIs de Gerenciamento de API",
  "appInsightsAzureDescription": "Monitorar o desempenho e o uso do aplicativo Web (com conexão a uma instância em execução no Azure)",
  "appInsightsCollectiveNoun": "Instâncias do Application Insights",
  "appInsightsCreateNameInstance": "Criar um componente do Application Insights",
  "appInsightsDisplayName": "Application Insights",
  "appInsightsLogAnalyticsDropdownDescription": "Armazenar dados de análise",
  "appInsightsLogAnalyticsDropdownLabel": "Workspace do Azure Log _Analytics",
  "appInsightsLogAnalyticsMustBeSet": "O Workspace do Log Analytics precisa ser definido",
  "appInsightsNameContainsReservedWords": "O nome do recurso não pode conter nenhuma palavra com marca registrada ou reservada",
  "appInsightsNameNotAvailable": "O nome já está em uso",
  "appInsightsNameNotMeetCriteria": "O nome deve ter no mínimo 1 e no máximo 256 caracteres. Além disso, somente caracteres alfanuméricos e hífens podem ser utilizados.",
  "appInsightsResourceNameLabel": "_Nome",
  "appInsightsToLogAnalyticsLocationMismatchWarning": "Hospedar o Application Insights no {0} em vez de {1}, onde o Workspace do Log Analytics está, pode ter implicações de desempenho, custo e conformidade",
  "appInsightsUnableToCheckNameAvailable": "Não é possível verificar a disponibilidade do nome",
  "appInsightsUnableToCheckNameValid": "Não é possível verificar se o nome é válido.",
  "springCloudServiceAppInsightsDropdownDescription": "Armazenar dados de rastreamento",
  "springCloudServiceAppInsightsDropdownLabel": "Azure A_pp Insights",
  "springCloudServiceLogAnalyticsDropdownDescription": "Armazenar dados de análise",
  "springCloudServiceLogAnalyticsDropdownLabel": "Workspace do Azure Log _Analytics",
  "logAnalyticsAzureDescription": "Armazene, mantenha e consulte facilmente os dados coletados dos seus recursos monitorados no Azure",
  "logAnalyticsUnableToCheckNameAvailable": "Não é possível verificar a disponibilidade do nome",
  "logAnalyticsAzureCollectiveNoun": "Workspaces do Azure Log Analytics",
  "logAnalyticsNameNotAvailable": "O nome não está disponível",
  "logAnalyticsCreateNameInstance": "Criar um workspace do Azure Log Analytics",
  "logAnalyticsSkuDropDownName": "S_KU",
  "logAnalyticsSkuDropDownDescription": "O custo do seu workspace depende do tipo de preço e de quais soluções que você usa.",
  "logAnalyticsSkuDisplayPerg2018": "Pagamento Conforme o Uso (Por GB 2018)",
  "logAnalyticsNameNotMeetCriteria": "O nome do workspace precisa ter entre 4 e 63 caracteres e pode conter somente letras, números e '-'. O '-' não deve ser o primeiro nem o último caractere.",
  "logAnalyticsSelectedSkuMustBeSet": "É necessário configurar o SKU",
  "logAnalyticsResourceNameLabel": "_Nome",
  "logAnalyticsDisplayName": "Workspace do Azure Log Analytics",
  "appConfigAzureDependencyTypeName": "Configuração de Aplicativos do Azure",
  "appConfigAzureDisplayName": "Configuração de Aplicativos do Azure",
  "appConfigAzureDescription": "Acesse facilmente as configurações de chave-valor e os sinalizadores de recurso do aplicativo que são gerenciados de modo centralizado no Azure.",
  "appConfigCollectiveNoun": "Repositórios da Configuração de Aplicativos",
  "appConfigResourceNameLabel": "_Nome do recurso",
  "appConfigCreateNameInstance": "Criar um repositório da Configuração de Aplicativos do Azure.",
  "appConfigFreeSkuLimitReached": "Esta assinatura atingiu o limite de 1 recurso de Configuração de Aplicativos no nível Gratuito",
  "appConfigNameContainsReservedWords": "O nome não pode conter nenhuma palavra reservada ou com marca registrada.",
  "appConfigNameNotAvailable": "O nome não está disponível.",
  "appConfigNameNotMeetCriteria": "O nome precisa conter somente caracteres ASCII alfanuméricos ou '-' e ter entre 5 e 50 caracteres.",
  "appConfigSelectedSkuMustBeSet": "O tipo de preço precisa ser definido.",
  "appConfigSkuDropDownDescription": "Escolha o tipo de preço correspondente aos requisitos de armazenamento e de SLA do aplicativo.",
  "appConfigSkuDropDownName": "Tipo de _preço",
  "appConfigSkuDisplayFree": "Gratuito",
  "appConfigSkuDisplayStandard": "Standard",
  "appConfigUnableToAccess": "Não é possível acessar o repositório da Configuração de Aplicativos '{0}'. Verifique se ele ainda existe e se está acessível.",
  "appConfigUnableToCheckNameAvailable": "Não é possível verificar a disponibilidade do nome.",
  "appConfigUnableToCheckNameValid": "Não é possível verificar se o nome é válido.",
  "containerAppsAzureDisplayName": "Aplicativos de Contêiner do Azure",
  "containerAppsAzureDescription": "Executar aplicativos conteinerizado escalonáveis e microsserviços em uma plataforma sem servidor no Azure",
  "containerAppsCollectiveNoun": "Aplicativos de contêiner",
  "containerAppsCreateNameInstance": "Criar um Aplicativo de Contêiner do Azure",
  "containerAppsResourceNameLabel": "Nome do aplicativo c_ontêiner",
  "containerAppsContainerNameLabel": "Nome do_contêiner",
  "containerAppsContainerNameDescription": "Nome do primeiro contêiner no aplicativo contêiner",
  "containerAppsContainerNameNotMeetCriteria": "O nome do contêiner deve ter entre 1 e 63 caracteres, começar com uma letra minúscula ou número, conter letras minúsculas, números e traços e terminar com uma letra minúscula ou número",
  "containerAppsNameContainsReservedWords": "O nome do aplicativo contêiner não pode conter nenhuma palavra reservada ou com marca registrada.",
  "containerAppsNameNotMeetCriteria": "O nome do aplicativo contêiner deve ter entre 2 e 32 caracteres, começar com uma letra minúscula, conter letras minúsculas, números e traços e terminar com uma letra minúscula ou número",
  "containerAppsNameNotAvailable": "O nome do aplicativo contêiner não está disponível",
  "containerAppsUnableToCheckNameAvailable": "Não é possível verificar se o nome do aplicativo contêiner está disponível",
  "containerAppsUnableToCheckNameValid": "Não é possível verificar se o nome é válido",
  "containerAppsLocationMustBeSet": "É necessário especificar a localização",
  "containerAppsManagedEnvironmentDisplayName": "Ambiente de Aplicativos de Contêiner do Azure",
  "containerAppsManagedEnvironmentCollectiveNoun": "Ambientes de Aplicativos de Contêiner",
  "containerAppsManagedEnvironmentMustBeSet": "O ambiente dos Aplicativos de Contêiner deve ser definido",
  "containerAppsManagedEnvDropDownName": "Ambiente de Aplicativos de C_ontainer",
  "containerAppsManagedEnvDropDownDescription": "Escolha um ambiente no qual o aplicativo contêiner será executado",
  "cosmosdbAzureDependencyTypeName": "Azure Cosmos DB",
  "cosmosdbAzureDisplayName": "Azure Cosmos DB",
  "cosmosdbAzureDescription": "Use armazenamentos de dados altamente escalonáveis, consistentes e replicados geograficamente.",
  "cosmosdbApiDropDownName": "_Api",
  "cosmosdbApiDropDownDescription": "O Cosmos DB é um serviço de banco de dados multimodelo. Escolha a API e o modelo de dados a serem usados com essa conta",
  "cosmosdbApiCoreName": "Principal (SQL)",
  "cosmosdbApiCassandraName": "Cassandra",
  "cosmosdbApiTableName": "Tabela do Azure",
  "cosmosdbApiGremlinName": "Gremlin (gráfico)",
  "cosmosdbApiMongoName": "API do Azure Cosmos DB para MongoDB",
  "cosmosdbCollectiveNoun": "Instâncias do Cosmos DB",
  "cosmosdbResourceNameLabel": "Nome do _Recurso",
  "cosmosdbCreateNameInstance": "Criar um Azure Cosmos DB",
  "cosmosDbNameContainsReservedWords": "O nome não pode conter nenhuma palavra reservada ou com marca registrada.",
  "cosmosDbNameNotAvailable": "O nome não está disponível",
  "cosmosDbNameNotMeetCriteria": "O nome pode conter apenas letras minúsculas, números e hifens e precisa conter entre 3 e 31 caracteres.",
  "cosmosDbUnableToCheckNameAvailable": "Não é possível verificar a disponibilidade do nome",
  "cosmosDbUnableToCheckNameValid": "Não é possível verificar se o nome é válido.",
  "cosmosDbSelectedApiMustBeSet": "É necessário configurar a API",
  "formatDisplayNameWithLocation": "{0} ({1})",
  "formatDisplayNameNewItemWithLocation": "*{0} ({1})",
  "indicatorColumnHeader": "",
  "managedEnvironmentDisplayName": "Ambiente de Aplicativos de Contêiner do Azure",
  "managedEnvironmentDescription": "Um ambiente baseado em Kubernetes no qual os Aplicativos de Contêiner são executados",
  "managedEnvironmentCollectiveNoun": "Ambientes de Aplicativo de Contêiner",
  "managedEnvironmentsCreateNameInstance": "Criar um ambiente de Aplicativos de Contêiner do Azure",
  "managedEnvironmentResourceNameLabel": "_Nome do ambiente",
  "managedEnvironmentNameNotMeetCriteria": "O nome do ambiente deve ter de 2 a 60 caracteres, começar com uma letra ou número, conter letras, números e traços e terminar com uma letra ou número",
  "managedEnvironmentNameNotAvailable": "Nome do ambiente indisponível",
  "managedEnvironmentUnableToCheckNameAvailable": "Não é possível verificar o nome do ambiente",
  "managedEnvironmentNameContainsReservedWords": "O nome do ambiente não pode conter palavras reservadas ou registradas.",
  "managedEnvironmentUnableToCheckNameValid": "Não é possível verificar se o nome do ambiente é válido",
  "managedEnvironmentLocationMustBeSet": "É necessário especificar a localização",
  "managedEnvironmentLogAnalyticsMustBeSet": "A Análise de Logs deve ser definida",
  "managedEnvironmentCreateNewInstanceDescription": "Criar um ambiente de Aplicativos de Contêiner do Azure",
  "managedEnvironmentLogAnalyticsDropdownDescription": "Armazenar dados de análise",
  "managedEnvironmentLogAnalyticsDropdownLabel": "Workspace do Azure Log _Analytics",
  "managedEnvNoMoreThan2PerSubscription": "Uma assinatura não pode conter mais de 2 envios gerenciados",
  "pricingTierColumnHeader": "_Tipo",
  "pricingTierDropDownDescription": "Escolha o preço e as características de confiabilidade do serviço",
  "pricingTierDropDownName": "_Tipo de preço",
  "redisAzureCollectiveNoun": "Caches do Azure para Redis",
  "redisAzureDependencyTypeName": "Cache do Azure para Redis",
  "redisAzureDisplayName": "Cache do Azure para Redis",
  "redisAzureDescription": "Ajude seu aplicativo a continuar respondendo mesmo com o aumento da carga do usuário ao aproveitar as funcionalidades de baixa latência e alta produtividade do mecanismo Redis.",
  "redisSkuDropDownName": "_SKU",
  "redisSkuDropDownDescription": "Escolha o SKU que corresponde às necessidades de tamanho do cache e de replicação do aplicativo",
  "redisSkuDisplayBasicC0": "Básico C0 (Cache de 250 MB)",
  "redisSkuDisplayBasicC1": "Básico C1 (Cache de 1 GB)",
  "redisSkuDisplayBasicC2": "Básico C2 (Cache de 2,5 GB)",
  "redisSkuDisplayBasicC3": "Básico C3 (Cache de 6 GB)",
  "redisSkuDisplayBasicC4": "Básico C4 (Cache de 13 GB)",
  "redisSkuDisplayBasicC5": "Básico C5 (Cache de 26 GB)",
  "redisSkuDisplayBasicC6": "Básico C6 (Cache de 53 GB)",
  "redisSkuDisplayStandardC0": "Standard C0 (Cache de 250 MB, Replicação)",
  "redisSkuDisplayStandardC1": "Standard C1 (Cache de 1 GB, Replicação)",
  "redisSkuDisplayStandardC2": "Standard C2 (Cache de 2,5 GB, Replicação)",
  "redisSkuDisplayStandardC3": "Standard C3 (Cache de 6 GB, Replicação)",
  "redisSkuDisplayStandardC4": "Standard C4 (Cache de 13 GB, Replicação)",
  "redisSkuDisplayStandardC5": "Standard C5 (Cache de 26 GB, Replicação)",
  "redisSkuDisplayStandardC6": "Standard C6 (Cache de 53 GB, Replicação)",
  "redisSkuDisplayPremiumP1": "Premium P1 (Cache de 1 GB, Replicação)",
  "redisSkuDisplayPremiumP2": "Premium P2 (Cache de 2,5 GB, Replicação)",
  "redisSkuDisplayPremiumP3": "Premium P3 (Cache de 6 GB, Replicação)",
  "redisSkuDisplayPremiumP4": "Premium P4 (Cache de 13 GB, Replicação)",
  "redisSkuDisplayPremiumP5": "Premium P5 (Cache de 26 GB, Replicação)",
  "redisResourceNameLabel": "Nome do _recurso",
  "redisSelectedSkuMustBeSet": "É necessário configurar o SKU",
  "redisCreateNameInstance": "Criar um Cache do Azure para Redis",
  "redisNameContainsReservedWords": "O nome não pode conter nenhuma palavra reservada ou com marca registrada.",
  "redisNameNotAvailable": "O nome não está disponível",
  "redisNameNotMeetCriteria": "Os nomes podem conter apenas letras, números e hifens. O primeiro e o último caractere devem ser letras ou números. Os hifens consecutivos não são permitidos.",
  "redisUnableToCheckNameAvailable": "Não é possível verificar a disponibilidade do nome",
  "redisUnableToCheckNameValid": "Não é possível verificar se o nome é válido.",
  "connectionStringNameLabel": "Nome da _cadeia de conexão",
  "connectionStringNameDescription": "Nome pelo qual o código fará referência a esse recurso",
  "locationDropDownName": "_Local",
  "locationDropDownDescription": "Localização na qual o recurso deve ser criado",
  "newCommandLabel": "Novo...",
  "organizationNameIsRequired": "A organização é necessária",
  "organizationNameLabel": "_Organização",
  "organizationNameDescription": "Especifique o nome de sua organização para uso nas notificações do portal do desenvolvedor e por email.",
  "resourceTypeNotSupportedError": "Não há suporte para o tipo de recurso nesta assinatura",
  "selectedLocationMustBeSet": "É necessário especificar a localização",
  "locationColumnHeader": "_Localização",
  "resourceGroupColumnHeader": "_Grupo de recursos",
  "nameColumnHeader": "_Nome",
  "skuColumnHeader": "S_KU",
  "urlSuffixLengthMustBeValid": "O Sufixo de URL precisa ter menos de 400 caracteres",
  "serviceLinkerDisplayName": "Conector de Serviço",
  "serviceLinkerAzureDescription": "O Conector de Serviço cria conexão entre recursos com computação e outros recursos do Azure",
  "serviceLinkerAzureCollectiveNoun": "Links do Conector de serviço",
  "signalrCollectiveNoun": "Instâncias do SignalR",
  "signalrAzureDescription": "Habilite facilmente a comunicação em tempo real com seu aplicativo Web.",
  "signalrAzureDisplayName": "Serviço do Azure SignalR",
  "signalrPricingTierDropDownName": "Tipo de _preço",
  "signalrPricingTierDropDownDescription": "Escolha o SKU que corresponde às necessidades de tamanho do cache e de replicação do aplicativo",
  "signalrPricingTierDisplayStandard": "Padrão",
  "signalrPricingTierDisplayFree": "Gratuito",
  "signalrPricingTierDisplayPremium": "Premium",
  "signalrResourceNameLabel": "Resource _name",
  "signalrNameNotMeetCriteria": "O nome deve ter pelo menos 3 e no máximo 63 caracteres. Além disso, podem ser usados somente caracteres alfanuméricos e hifens.",
  "signalrNameContainsReservedWords": "O nome do recurso não pode conter nenhuma palavra reservada ou com marca registrada.",
  "signalrUnableToCheckNameAvailable": "Não é possível verificar a disponibilidade do nome",
  "signalrUnableToCheckNameValid": "Não é possível verificar se o nome é válido.",
  "signalrNameNotAvailable": "O nome já está em uso",
  "signalrSelectedSkuMustBeSet": "É necessário configurar o SKU",
  "signalrCreateInstanceText": "Criar uma instância de Serviço do Azure SignalR",
  "signalrSkuCount": "Uma assinatura não pode ter mais de 5 serviços SignalR da camada Gratuita",
  "azureKubernetesService": "Serviço de Kubernetes do Azure",
  "azureKubernetesServiceCollectiveNoun": "Serviços de Kubernetes do Azure",
  "azureKubernetesServiceDescription": "Um aplicativo em execução no Azure Kubernetes Service",
  "azureVirtualMachineScaleSet": "Conjunto de Dimensionamento de Máquinas Virtuais do Azure",
  "azureVirtualMachineScaleSetCollectiveNoun": "Conjuntos de Dimensionamento de Máquinas Virtuais do Azure",
  "azureVirtualMachineScaleSetDescription": "Um aplicativo em execução nos Conjunto de Dimensionamento de Máquinas Virtuais",
  "azureVirtualMachineScaleSetWindows": "Conjunto de Dimensionamento de Máquinas Virtuais do Azure (Windows)",
  "azureVirtualMachineScaleSetWindowsCollectiveNoun": "Conjuntos de Dimensionamento de Máquinas Virtuais do Azure (Windows)",
  "azureVirtualMachineScaleSetWindowsDescription": "Um aplicativo em execução nos Conjuntos de Dimensionamento de Máquinas Virtuais do Azure (Windows)",
  "azureClassicVirtualMachine": "Máquina Virtual Clássica do Azure",
  "azureClassicVirtualMachineCollectiveNoun": "Azure Classic Máquinas Virtuais",
  "azureClassicVirtualMachineDescription": "Um aplicativo em execução na Máquina Virtual Clássica do Azure",
  "azureClassicVirtualMachineWindows": "Máquina Virtual Clássica do Azure (Windows)",
  "azureClassicVirtualMachineWindowsCollectiveNoun": "Máquinas Virtual Clássica do Azure (Windows)",
  "azureClassicVirtualMachineWindowsDescription": "Um aplicativo em execução na Máquina Virtual Clássica do Azure (Windows)",
  "springCloudAppDescription": "Um aplicativo em execução no Azure Spring Cloud.",
  "springCloudAppDisplayName": "Aplicativo Azure Spring Cloud",
  "springCloudAppsFolderName": "Aplicativos",
  "springCloudAppCollectiveNoun": "Aplicativos Azure Spring Cloud",
  "springCloudAppCreateNameInstance": "Criar um aplicativo Azure Spring Cloud",
  "springCloudAppResourceNameLabel": "_Nome do Aplicativo",
  "springCloudAppNameContainsReservedWords": "O nome do aplicativo não pode conter nenhuma palavra reservada ou com marca registrada.",
  "springCloudAppNameNotMeetCriteria": "O nome pode conter somente letras em minúsculas, números e hifens. O primeiro caractere precisa ser uma letra. O último caractere precisa ser uma letra ou um número. O valor precisa ter entre 4 e 32 caracteres.",
  "springCloudAppNameNotAvailable": "O nome já está em uso",
  "springCloudAppUnableToCheckNameAvailable": "Não é possível verificar a disponibilidade do nome",
  "springCloudAppUnableToCheckNameValid": "Não é possível verificar se o nome é válido.",
  "springCloudDeploymentCollectiveNoun": "Implantações do Azure Spring Cloud",
  "springCloudDeploymentDescription": "Os aplicativos do Azure Spring Cloud podem hospedar várias implantações para teste de serviço azul/verde",
  "springCloudDeploymentDisplayName": "Implantação do Azure Spring Cloud",
  "springCloudServiceCollectiveNoun": "Serviços do Azure Spring Cloud",
  "springCloudServiceCreateNameInstance": "Criar um Azure Spring Cloud",
  "springCloudServiceDescription": "O Azure Spring Cloud é uma plataforma de microsserviço sem servidor que permite criar, implantar, escalar e monitorar os seus aplicativos na nuvem. Use o Spring Cloud para trazer padrões modernos de microsserviço para os aplicativos Spring Boot, eliminando o código clichê para criar rapidamente aplicativos .NET robustos.",
  "springCloudServiceDisplayName": "Azure Spring Cloud",
  "springCloudServiceLogAnalyticsMustBeSet": "O Workspace do Log Analytics precisa ser definido",
  "springCloudServiceResourceNameLabel": "_Nome do serviço",
  "springCloudServiceNameNotMeetCriteria": "O nome pode conter somente letras em minúsculas, números e hifens. O primeiro caractere precisa ser uma letra. O último caractere precisa ser uma letra ou um número. O valor precisa ter entre 4 e 32 caracteres.",
  "springCloudServiceNameNotAvailable": "O nome já está em uso",
  "springCloudServiceUnableToCheckNameAvailable": "Não é possível verificar a disponibilidade do nome",
  "springCloudServicesDropdownLabel": "Azure S_pring Cloud",
  "springCloudServicesDropdownDescription": "Selecione um Azure Spring Cloud no qual este aplicativo será executado.",
  "springCloudServiceSkuBasic": "Básico",
  "springCloudServiceSkuStandard": "Standard",
  "springCloudServiceLocationMustBeSet": "É necessário especificar a localização",
  "springCloudServiceNoAppInsights": "Nenhum App Insights",
  "springCloudServiceNoLogAnalytics": "Nenhuma Análise de Logs",
  "springCloudServiceAppInsightsMustBeSet": "O App Insights precisa ser definido",
  "springCloudServicePricingTierMustBeSet": "O tipo de preço precisa ser definido",
  "springCloudServicePricingTiersLabel": "Tipo de _preço",
  "springCloudServicePricingTiersDescription": "O tipo de preço determina o recurso e o custo associados à sua instância.",
  "springCloudServiceMustBeSet": "O Azure Spring Cloud precisa estar definido",
  "springCloudServiceNameContainsReservedWords": "O nome do serviço não pode conter nenhuma palavra reservada ou com marca registrada.",
  "springCloudServiceUnableToCheckNameValid": "Não é possível verificar se o nome é válido."
}