{
  "apiAdministratorEmailDescription": "Définissez l'adresse e-mail permettant de recevoir toutes les notifications système envoyées par Gestion des API.",
  "apiAdministratorEmailLabel": "_E-mail de l'administrateur",
  "apiManagementAzureDisplayName": "Service Gestion des API Azure",
  "apiManagementAzureDescription": "Publier des API sur Gestion des API pour qu'elles soient consommées par Azure Logic Apps et Power Apps",
  "apiManagementApiAzureDescription": "Publier des API sur Gestion des API pour qu'elles soient consommées par Azure Logic Apps et Power Apps",
  "apiManagementApiAzureDisplayName": "API dans Gestion des API",
  "apiManagementApiNameNotAvailable": "Le nom n'est pas disponible",
  "apiManagementApiResourceNameLabel": "Nom de l'_API",
  "apiManagementApiUnableToCheckNameAvailable": "Impossible de vérifier la disponibilité du nom",
  "apimangementApiCreateNameInstance": "Créer une API de Gestion des API",
  "apimapiNameNotMeetCriteria": "Le nom de l'API doit commencer et finir par un caractère alphanumérique. De plus, il doit contenir uniquement des caractères alphanumériques et des traits d'union.",
  "apiURLSuffixDescription": "Chemin de domaine du nom de service API",
  "apiURLSuffixLabel": "Suffixe d'_URL d'API",
  "apiSelectedServiceMustBeSet": "Un service doit être sélectionné",
  "apiManagementApisFolderName": "API",
  "apiURLSuffixMustBeUniqueInService": "Le suffixe d'URL doit être unique au sein d'une même instance de service",
  "apiServicesDropdownLabel": "Ser_vice Gestion des API",
  "apiServicesDropdownDescription": "Liste des services de Gestion des API qui peuvent héberger cette API",
  "apiManagementDisplayBasic": "De base (SLA à 99,9 %)",
  "apiManagementDisplayConsumption": "Consommation (SLA à 99,9 %)",
  "apiManagementDisplayDeveloper": "Développeur (aucun SLA)",
  "apiManagementDisplayPremium": "Premium (SLA à 99,99 %)",
  "apiManagementDisplayStandard": "Standard (SLA à 99,9 %)",
  "apimangementCreateNameInstance": "Créer une instance du service Gestion des API",
  "apiManagementUnableToCheckName": "Impossible de vérifier le nom",
  "apiManagementResourceNameLabel": "_Nom",
  "apiManagementNameNotAvailable": "Nom déjà utilisé",
  "apiManagementNameNotMeetCriteria": "Le nom doit comprendre entre 1 et 50 caractères, commencer par une lettre et contenir uniquement des lettres et des chiffres",
  "apiManagementAzureCollectiveNoun": "Instances de Gestion des API",
  "apiManagementApiAzureCollectiveNoun": "API de Gestion des API",
  "appInsightsAzureDescription": "Surveiller les performances et l'utilisation des applications Web (avec connexion à une instance exécutée dans Azure)",
  "appInsightsCollectiveNoun": "Instances Application Insights",
  "appInsightsCreateNameInstance": "Créer un composant Application Insights",
  "appInsightsDisplayName": "Aperçu des applications",
  "appInsightsLogAnalyticsDropdownDescription": "Stocker les données d'analyse",
  "appInsightsLogAnalyticsDropdownLabel": "Espace de travail Azure Log _Analytics",
  "appInsightsLogAnalyticsMustBeSet": "L'espace de travail Log Analytics doit être défini",
  "appInsightsNameContainsReservedWords": "Le nom de la ressource ne peut contenir aucun mot de marque ou réservé",
  "appInsightsNameNotAvailable": "Nom déjà utilisé",
  "appInsightsNameNotMeetCriteria": "Le nom doit comporter au moins 1 et au plus 256 caractères. De plus, seuls les caractères alphanumériques et les tirets peuvent être utilisés.",
  "appInsightsResourceNameLabel": "_Nom",
  "appInsightsToLogAnalyticsLocationMismatchWarning": "L’hébergement d’Application Insights dans {0} au lieu de {1} où l’espace de travail Log Analytics peut avoir des implications sur les performances, le coût et la conformité",
  "appInsightsUnableToCheckNameAvailable": "Impossible de vérifier la disponibilité du nom",
  "appInsightsUnableToCheckNameValid": "Impossible de vérifier si le nom est valide",
  "springCloudServiceAppInsightsDropdownDescription": "Stocker les données de suivi",
  "springCloudServiceAppInsightsDropdownLabel": "Insights Azure A_pp",
  "springCloudServiceLogAnalyticsDropdownDescription": "Stocker les données d'analytique",
  "springCloudServiceLogAnalyticsDropdownLabel": "Espace de travail Azure Log _Analytics",
  "logAnalyticsAzureDescription": "Stocker, conserver et interroger facilement les données collectées à partir de ressources supervisées dans Azure",
  "logAnalyticsUnableToCheckNameAvailable": "Impossible de vérifier la disponibilité du nom",
  "logAnalyticsAzureCollectiveNoun": "Espaces de travail Azure Log Analytics",
  "logAnalyticsNameNotAvailable": "Le nom n'est pas disponible",
  "logAnalyticsCreateNameInstance": "Créer un espace de travail Azure Log Analytics",
  "logAnalyticsSkuDropDownName": "S_KU",
  "logAnalyticsSkuDropDownDescription": "Le coût de votre espace de travail dépend du niveau tarifaire et des solutions que vous utilisez.",
  "logAnalyticsSkuDisplayPerg2018": "Paiement à l'utilisation (par Go 2018)",
  "logAnalyticsNameNotMeetCriteria": "Le nom de l'espace de travail doit comporter entre 4 et 63 caractères. De plus, il doit contenir uniquement des lettres, des chiffres et des traits d'union '-'. Le trait d'union '-' ne doit pas être le premier ou le dernier caractère.",
  "logAnalyticsSelectedSkuMustBeSet": "Le SKU doit être défini",
  "logAnalyticsResourceNameLabel": "_Nom",
  "logAnalyticsDisplayName": "Espace de travail Azure Log Analytics",
  "appConfigAzureDependencyTypeName": "Azure App Configuration",
  "appConfigAzureDisplayName": "Azure App Configuration",
  "appConfigAzureDescription": "Accédez facilement aux paramètres clé-valeur et aux indicateurs de fonctionnalités de l'application, qui sont gérés de manière centralisée dans Azure.",
  "appConfigCollectiveNoun": "Magasins App Configuration",
  "appConfigResourceNameLabel": "Nom de la _ressource",
  "appConfigCreateNameInstance": "Créez un magasin Azure App Configuration.",
  "appConfigFreeSkuLimitReached": "Cet abonnement a atteint la limite de 1 ressource App Configuration au niveau Gratuit.",
  "appConfigNameContainsReservedWords": "Le nom ne doit pas contenir de marques commerciales ou de mots réservés.",
  "appConfigNameNotAvailable": "Le nom n'est pas disponible.",
  "appConfigNameNotMeetCriteria": "Le nom doit contenir uniquement des caractères ASCII alphanumériques ou « - », et sa longueur doit être comprise entre 5 et 50 caractères.",
  "appConfigSelectedSkuMustBeSet": "Le niveau tarifaire doit être défini.",
  "appConfigSkuDropDownDescription": "Choisissez le niveau tarifaire correspondant aux impératifs de stockage et de contrat SLA de votre application.",
  "appConfigSkuDropDownName": "_Niveau tarifaire",
  "appConfigSkuDisplayFree": "Gratuit",
  "appConfigSkuDisplayStandard": "Standard",
  "appConfigUnableToAccess": "Impossible d'accéder au magasin App Configuration '{0}'. Vérifiez qu'il existe toujours et qu'il est accessible.",
  "appConfigUnableToCheckNameAvailable": "Impossible de vérifier la disponibilité du nom.",
  "appConfigUnableToCheckNameValid": "Impossible de vérifier si le nom est valide.",
  "containerAppsAzureDisplayName": "Azure Container Apps",
  "containerAppsAzureDescription": "Exécuter des applications conteneurisées évolutives et des microservices sur une plateforme sans serveur dans Azure",
  "containerAppsCollectiveNoun": "Applications conteneur",
  "containerAppsCreateNameInstance": "Créer une application de conteneur Azure",
  "containerAppsResourceNameLabel": "nom de l’application C_ontainer",
  "containerAppsContainerNameLabel": "Nom du_conteneur",
  "containerAppsContainerNameDescription": "Nom du premier conteneur dans l’application conteneurs",
  "containerAppsContainerNameNotMeetCriteria": "Le nom du conteneur doit comprendre entre 1 et 63 caractères, commencer par une lettre minuscule ou un chiffre, contenir des lettres minuscules, des chiffres et des tirets, et se terminer par une lettre minuscule ou un chiffre",
  "containerAppsNameContainsReservedWords": "Le nom de l'application conteneur ne peut contenir aucun mot de marque ou réservé.",
  "containerAppsNameNotMeetCriteria": "Le nom de l'application du conteneur doit comporter entre 2 et 32 caractères, commencer par une lettre minuscule, contenir des lettres minuscules, des chiffres et des tirets, et se terminer par une lettre minuscule ou un chiffre.",
  "containerAppsNameNotAvailable": "Le nom de l'application du conteneur n'est pas disponible.",
  "containerAppsUnableToCheckNameAvailable": "Impossible de vérifier si le nom de l’application conteneur est disponible",
  "containerAppsUnableToCheckNameValid": "Impossible de vérifier si le nom est valide",
  "containerAppsLocationMustBeSet": "L'emplacement doit être défini",
  "containerAppsManagedEnvironmentDisplayName": "Environnement Azure Container Apps",
  "containerAppsManagedEnvironmentCollectiveNoun": "Environnements Azure Container Apps",
  "containerAppsManagedEnvironmentMustBeSet": "L’environnement Container Apps doit être défini.",
  "containerAppsManagedEnvDropDownName": "environnement C_ontainer Apps",
  "containerAppsManagedEnvDropDownDescription": "Choisir un environnement dans lequel l’application conteneur doit s’exécuter",
  "cosmosdbAzureDependencyTypeName": "Azure Cosmos DB",
  "cosmosdbAzureDisplayName": "Azure Cosmos DB",
  "cosmosdbAzureDescription": "Utilisez des magasins de données hautement scalables, cohérents et géorépliqués.",
  "cosmosdbApiDropDownName": "_Api",
  "cosmosdbApiDropDownDescription": "Cosmos DB est un service de base de données multimodèle. Choisissez l'API et le modèle de données à utiliser avec ce compte",
  "cosmosdbApiCoreName": "Principale (SQL)",
  "cosmosdbApiCassandraName": "Cassandra",
  "cosmosdbApiTableName": "Table Azure",
  "cosmosdbApiGremlinName": "Gremlin (graphe)",
  "cosmosdbApiMongoName": "API Azure Cosmos DB pour MongoDB",
  "cosmosdbCollectiveNoun": "Instances de Cosmos DB",
  "cosmosdbResourceNameLabel": "_Nom de la ressource",
  "cosmosdbCreateNameInstance": "Créer une instance d'Azure Cosmos DB",
  "cosmosDbNameContainsReservedWords": "Le nom ne doit pas contenir de marques commerciales ou de mots réservés.",
  "cosmosDbNameNotAvailable": "Le nom n'est pas disponible",
  "cosmosDbNameNotMeetCriteria": "Le nom doit contenir uniquement des lettres minuscules, des chiffres et des traits d'union. Il doit comporter entre 3 et 31 caractères.",
  "cosmosDbUnableToCheckNameAvailable": "Impossible de vérifier la disponibilité du nom",
  "cosmosDbUnableToCheckNameValid": "Impossible de vérifier si le nom est valide",
  "cosmosDbSelectedApiMustBeSet": "L'API doit être définie",
  "formatDisplayNameWithLocation": "{0} ({1})",
  "formatDisplayNameNewItemWithLocation": "*{0} ({1})",
  "indicatorColumnHeader": "",
  "managedEnvironmentDisplayName": "Environnement Azure Container Apps",
  "managedEnvironmentDescription": "Environnement Kubernetes dans lequel s’exécuter Container Apps",
  "managedEnvironmentCollectiveNoun": "Environnements d’application conteneur",
  "managedEnvironmentsCreateNameInstance": "Créer un environnement Azure Container Apps",
  "managedEnvironmentResourceNameLabel": "Nom de l'_environnement",
  "managedEnvironmentNameNotMeetCriteria": "Le nom de l’environnement doit avoir entre 2 et 60 caractères, commencer par une lettre ou un chiffre, contenir des lettres, des chiffres et des tirets, et se terminer par une lettre ou un chiffre.",
  "managedEnvironmentNameNotAvailable": "Le nom de l’environnement n'est pas disponible.",
  "managedEnvironmentUnableToCheckNameAvailable": "Impossible de vérifier le nom de l’environnement",
  "managedEnvironmentNameContainsReservedWords": "Le nom de l’environnement ne peut contenir aucun mot de marque ou réservé.",
  "managedEnvironmentUnableToCheckNameValid": "Impossible de vérifier si le nom de l’environnement est valide",
  "managedEnvironmentLocationMustBeSet": "L'emplacement doit être défini",
  "managedEnvironmentLogAnalyticsMustBeSet": "Log Analytics doit être défini.",
  "managedEnvironmentCreateNewInstanceDescription": "Créer un environnement Azure Container Apps",
  "managedEnvironmentLogAnalyticsDropdownDescription": "Stocker les données d'analyse",
  "managedEnvironmentLogAnalyticsDropdownLabel": "Espace de travail Azure Log _Analytics",
  "managedEnvNoMoreThan2PerSubscription": "Un abonnement ne peut pas contenir plus de 2 environnements gérés",
  "pricingTierColumnHeader": "_Niveau",
  "pricingTierDropDownDescription": "Choisir les caractéristiques tarifaires et de fiabilité de votre service",
  "pricingTierDropDownName": "Niveau _tarifaire",
  "redisAzureCollectiveNoun": "Azure Cache pour Redis",
  "redisAzureDependencyTypeName": "Azure Cache pour Redis",
  "redisAzureDisplayName": "Azure Cache pour Redis",
  "redisAzureDescription": "Aidez votre application à rester réactive même quand la charge utilisateur augmente en tirant parti des capacités à haut débit et faible latence du moteur Redis.",
  "redisSkuDropDownName": "_SKU",
  "redisSkuDropDownDescription": "Choisir la référence SKU correspondant à la taille du cache et aux besoins de réplication de votre application",
  "redisSkuDisplayBasicC0": "De base C0 (250 Mo de cache)",
  "redisSkuDisplayBasicC1": "De base C1 (1 Go de cache)",
  "redisSkuDisplayBasicC2": "De base C2 (2,5 Go de cache)",
  "redisSkuDisplayBasicC3": "De base C3 (6 Go de cache)",
  "redisSkuDisplayBasicC4": "De base C4 (13 Go de cache)",
  "redisSkuDisplayBasicC5": "De base C5 (26 Go de cache)",
  "redisSkuDisplayBasicC6": "De base C6 (53 Go de cache)",
  "redisSkuDisplayStandardC0": "Standard C0 (250 Mo de cache, réplication)",
  "redisSkuDisplayStandardC1": "Standard C1 (1 Go de cache, réplication)",
  "redisSkuDisplayStandardC2": "Standard C2 (2,5 Go de cache, réplication)",
  "redisSkuDisplayStandardC3": "Standard C3 (6 Go de cache, réplication)",
  "redisSkuDisplayStandardC4": "Standard C4 (13 Go de cache, réplication)",
  "redisSkuDisplayStandardC5": "Standard C5 (26 Go de cache, réplication)",
  "redisSkuDisplayStandardC6": "Standard C6 (53 Go de cache, réplication)",
  "redisSkuDisplayPremiumP1": "Premium P1 (1 Go de cache, réplication)",
  "redisSkuDisplayPremiumP2": "Premium P2 (2,5 Go de cache, réplication)",
  "redisSkuDisplayPremiumP3": "Premium P3 (6 Go de cache, réplication)",
  "redisSkuDisplayPremiumP4": "Premium P4 (13 Go de cache, réplication)",
  "redisSkuDisplayPremiumP5": "Premium P5 (26 Go de cache, réplication)",
  "redisResourceNameLabel": "Nom de la _ressource",
  "redisSelectedSkuMustBeSet": "Le SKU doit être défini",
  "redisCreateNameInstance": "Créer une instance d'Azure Cache pour Redis",
  "redisNameContainsReservedWords": "Le nom ne doit pas contenir de marques commerciales ou de mots réservés.",
  "redisNameNotAvailable": "Le nom n'est pas disponible",
  "redisNameNotMeetCriteria": "Les noms peuvent uniquement comporter des lettres, des chiffres et des traits d'union. Ils doivent aussi commencer et se terminer par une lettre ou un chiffre. Les traits d'union consécutifs ne sont pas autorisés.",
  "redisUnableToCheckNameAvailable": "Impossible de vérifier la disponibilité du nom",
  "redisUnableToCheckNameValid": "Impossible de vérifier si le nom est valide",
  "connectionStringNameLabel": "_Nom de la chaîne de connexion",
  "connectionStringNameDescription": "Nom par lequel le code fait référence à cette ressource",
  "locationDropDownName": "_Localisation",
  "locationDropDownDescription": "Emplacement où créer la ressource",
  "newCommandLabel": "Nouveau...",
  "organizationNameIsRequired": "L'organisation est obligatoire",
  "organizationNameLabel": "_Organisation",
  "organizationNameDescription": "Indiquez le nom de votre organisation qui sera utilisé dans le portail des développeurs et les notifications par e-mail.",
  "resourceTypeNotSupportedError": "Le type de ressource n'est pas pris en charge dans cet abonnement",
  "selectedLocationMustBeSet": "L'emplacement doit être défini",
  "locationColumnHeader": "_Emplacement",
  "resourceGroupColumnHeader": "_Groupe de ressources",
  "nameColumnHeader": "_Nom",
  "skuColumnHeader": "S_KU",
  "urlSuffixLengthMustBeValid": "Le suffixe de l'URL doit être inférieur à 400 caractères",
  "serviceLinkerDisplayName": "Connecteur de services",
  "serviceLinkerAzureDescription": "Le connecteur de service crée une connexion entre les ressources avec le calcul et d’autres ressources Azure",
  "serviceLinkerAzureCollectiveNoun": "Liens du connecteur de service",
  "signalrCollectiveNoun": "Instances de SignalR",
  "signalrAzureDescription": "Activez facilement les communications en temps réel vers votre application web.",
  "signalrAzureDisplayName": "Azure SignalR Service",
  "signalrPricingTierDropDownName": "_Niveau tarifaire",
  "signalrPricingTierDropDownDescription": "Choisir la référence SKU correspondant à la taille du cache et aux besoins de réplication de votre application",
  "signalrPricingTierDisplayStandard": "Standard",
  "signalrPricingTierDisplayFree": "Gratuit",
  "signalrPricingTierDisplayPremium": "Premium",
  "signalrResourceNameLabel": "_Nom de la ressource",
  "signalrNameNotMeetCriteria": "Le nom doit comprendre entre 3 et 63 caractères. De plus, seuls les caractères alphanumériques et les traits d'union sont utilisables.",
  "signalrNameContainsReservedWords": "Le nom de la ressource ne doit pas contenir de marques commerciales ou de mots réservés.",
  "signalrUnableToCheckNameAvailable": "Impossible de vérifier la disponibilité du nom",
  "signalrUnableToCheckNameValid": "Impossible de vérifier si le nom est valide",
  "signalrNameNotAvailable": "Nom déjà utilisé",
  "signalrSelectedSkuMustBeSet": "Le SKU doit être défini",
  "signalrCreateInstanceText": "Créer une instance d'Azure SignalR Service",
  "signalrSkuCount": "Un abonnement ne peut pas avoir plus de 5 services SignalR de niveau Gratuit",
  "azureKubernetesService": "Service Azure Kubernetes",
  "azureKubernetesServiceCollectiveNoun": "Services Azure Kubernetes",
  "azureKubernetesServiceDescription": "Une application s’exécutant dans Azure Kubernetes Service",
  "azureVirtualMachineScaleSet": "Groupe de machines virtuelles identiques Azure",
  "azureVirtualMachineScaleSetCollectiveNoun": "Groupes de machines virtuelles identiques Azure",
  "azureVirtualMachineScaleSetDescription": "Une application s’exécutant dans un groupe de machines virtuelles Azure Classic",
  "azureVirtualMachineScaleSetWindows": "Groupe de machines virtuelles identiques Azure (Windows)",
  "azureVirtualMachineScaleSetWindowsCollectiveNoun": "Groupes de machines virtuelles identiques Azure (Windows)",
  "azureVirtualMachineScaleSetWindowsDescription": "Application s’exécutant dans des groupes de machines virtuelles Azure Virtual (Windows)",
  "azureClassicVirtualMachine": "Machine virtuelle Azure Classic",
  "azureClassicVirtualMachineCollectiveNoun": "Machines virtuelles Azure Classic",
  "azureClassicVirtualMachineDescription": "Une application s’exécutant dans une machine virtuelle Azure Classic",
  "azureClassicVirtualMachineWindows": "Machine virtuelle Azure Classic (Windows)",
  "azureClassicVirtualMachineWindowsCollectiveNoun": "Machines virtuelle Azure Classic (Windows)",
  "azureClassicVirtualMachineWindowsDescription": "Application s’exécutant dans une machine virtuelle Azure Classic (Windows)",
  "springCloudAppDescription": "Application s'exécutant dans Azure Spring Cloud.",
  "springCloudAppDisplayName": "Application Azure Spring Cloud",
  "springCloudAppsFolderName": "Applications",
  "springCloudAppCollectiveNoun": "Applications Azure Spring Cloud",
  "springCloudAppCreateNameInstance": "Créer une application Azure Spring Cloud",
  "springCloudAppResourceNameLabel": "_Nom de l'application",
  "springCloudAppNameContainsReservedWords": "Le nom de l'application ne doit pas contenir de marques commerciales ou de mots réservés.",
  "springCloudAppNameNotMeetCriteria": "Le nom peut contenir uniquement des lettres minuscules, des chiffres et des traits d'union. Le premier caractère doit être une lettre. Le dernier caractère doit être une lettre ou un chiffre. La valeur doit être comprise entre 4 et 32 caractères.",
  "springCloudAppNameNotAvailable": "Nom déjà utilisé",
  "springCloudAppUnableToCheckNameAvailable": "Impossible de vérifier la disponibilité du nom",
  "springCloudAppUnableToCheckNameValid": "Impossible de vérifier si le nom est valide",
  "springCloudDeploymentCollectiveNoun": "Déploiements Azure Spring Cloud",
  "springCloudDeploymentDescription": "Les applications Azure Spring Cloud peuvent héberger plusieurs déploiements pour le test de service bleu/vert",
  "springCloudDeploymentDisplayName": "Déploiement Azure Spring Cloud",
  "springCloudServiceCollectiveNoun": "Services Azure Spring Cloud",
  "springCloudServiceCreateNameInstance": "Créer une instance d'Azure Spring Cloud",
  "springCloudServiceDescription": "Azure Spring Cloud est une plateforme de microservices serverless, qui vous permet de générer, déployer, mettre à l'échelle et superviser vos applications dans le cloud. Utilisez Spring Cloud pour intégrer des modèles de microservices modernes aux applications Spring Boot, et éliminez le code réutilisable pour générer rapidement des applications .NET robustes.",
  "springCloudServiceDisplayName": "Azure Spring Cloud",
  "springCloudServiceLogAnalyticsMustBeSet": "L'espace de travail Log Analytics doit être défini",
  "springCloudServiceResourceNameLabel": "_Nom du service",
  "springCloudServiceNameNotMeetCriteria": "Le nom peut contenir uniquement des lettres minuscules, des chiffres et des traits d'union. Le premier caractère doit être une lettre. Le dernier caractère doit être une lettre ou un chiffre. La valeur doit être comprise entre 4 et 32 caractères.",
  "springCloudServiceNameNotAvailable": "Nom déjà utilisé",
  "springCloudServiceUnableToCheckNameAvailable": "Impossible de vérifier la disponibilité du nom",
  "springCloudServicesDropdownLabel": "Azure S_pring Cloud",
  "springCloudServicesDropdownDescription": "Sélectionnez une instance d'Azure Spring Cloud dans laquelle cette application va s'exécuter.",
  "springCloudServiceSkuBasic": "De base",
  "springCloudServiceSkuStandard": "Norme",
  "springCloudServiceLocationMustBeSet": "L'emplacement doit être défini",
  "springCloudServiceNoAppInsights": "App Insights manquant",
  "springCloudServiceNoLogAnalytics": "Aucun espace de travail Log Analytics",
  "springCloudServiceAppInsightsMustBeSet": "App Insights doit être défini",
  "springCloudServicePricingTierMustBeSet": "Le niveau tarifaire doit être défini",
  "springCloudServicePricingTiersLabel": "_Niveau tarifaire",
  "springCloudServicePricingTiersDescription": "Le niveau tarifaire détermine la ressource et le coût associés à votre instance.",
  "springCloudServiceMustBeSet": "Azure Spring Cloud doit être défini",
  "springCloudServiceNameContainsReservedWords": "Le nom du service ne doit pas contenir de marques commerciales ou de mots réservés.",
  "springCloudServiceUnableToCheckNameValid": "Impossible de vérifier si le nom est valide"
}