{
  "modelInstanceName": "redisConfiguredInstance",
  "modelInitialData": {
    "SecretName": "CacheConnection"
  },
  "viewInstanceName": "redisConfigInstanceKnownOptions",
  "validators": {
    "connectionStringName": {
      "kind": "ConnectionStringName",
      "config": {
        "validatedProperty": "SecretName"
      }
    }
  },
  "getSecretsUrlGenerator": {
    "name": "redisGetSecrets",
    "splitters": [
      {
        "name": "ENTITYID",
        "kind": "Identity",
        "config": {
          "outwardFacingField": "/entity/id",
          "inwardFacingFields": [ "entityId" ]
        }
      }
    ],
    "transforms": [
      {
        "name": "ENTITYID",
        "kind": "Identity",
        "config": {
          "transformedField": "entityId"
        }
      }
    ],
    "fusers": [
      {
        "name": "URL",
        "kind": "ZipperToothMerge",
        "config": {
          "outwardFacingField": "/url",
          "inwardFacingFields": [ "entityId" ],
          "joinTokens": [ "/listKeys?api-version=2016-04-01" ],
          "firstToken": "inputTokens"
        }
      },
      {
        "name": "METHOD",
        "kind": "Constant",
        "config": {
          "inwardFacingFields": [],
          "outwardFacingField": "/method",
          "constantValue": "POST"
        }
      }
    ]
  },

  "metadataMapDefinition": {
    "name": "redisMetadataMap",
    "splitters": [
      {
        "name": "HOSTNAME",
        "kind": "Identity",
        "config": {
          "outwardFacingField": "/entity/hostName",
          "inwardFacingFields": [ "hostName" ]
        }
      },
      {
        "name": "SSLPORT",
        "kind": "Identity",
        "config": {
          "outwardFacingField": "/entity/sslPort",
          "inwardFacingFields": [ "sslPort" ]
        }
      },
      {
        "name": "PRIMARYKEYVALUE",
        "kind": "Identity",
        "config": {
          "outwardFacingField": "/actionResult/primaryKey",
          "inwardFacingFields": [ "primaryKeyValue" ]
        }
      },
      {
        "name": "SECRETNAMEREPEATER",
        "kind": "IdentityRepeater",
        "config": {
          "innerAtomizers": [
            {
              "name": "SECRETNAME",
              "kind": "Identity",
              "config": {
                "outwardFacingField": "/model/SecretName",
                "inwardFacingFields": [ "secretName" ]
              }
            },
            {
              "name": "CONNECTIONID",
              "kind": "Identity",
              "config": {
                "outwardFacingField": "/model/SecretName",
                "inwardFacingFields": [ "connectionId" ]
              }
            }
          ],
          "outwardFacingField": "/model/SecretName",
          "inwardFacingFields": [ "secretName", "connectionId" ]
        }
      },
      {
        "name": "RESOURCEID",
        "kind": "Identity",
        "config": {
          "outwardFacingField": "/entity/id",
          "inwardFacingFields": [ "resourceId" ]
        }
      }
    ],
    "transforms": [
      {
        "name": "hostName",
        "kind": "Identity",
        "config": {
          "transformedField": "hostName"
        }
      },
      {
        "name": "sslPort",
        "kind": "Identity",
        "config": {
          "transformedField": "sslPort"
        }
      },
      {
        "name": "primaryKeyValue",
        "kind": "Identity",
        "config": {
          "transformedField": "primaryKeyValue"
        }
      },
      {
        "name": "secretName",
        "kind": "Identity",
        "config": {
          "transformedField": "secretName"
        }
      },
      {
        "name": "connectionId",
        "kind": "Identity",
        "config": {
          "transformedField": "connectionId"
        }
      },
      {
        "name": "resourceId",
        "kind": "Identity",
        "config": {
          "transformedField": "resourceId"
        }
      }
    ],
    "fusers": [
      {
        "name": "KEYVALUE",
        "kind": "ZipperToothMerge",
        "config": {
          "inwardFacingFields": [ "hostName", "sslPort", "primaryKeyValue" ],
          "outwardFacingField": "/metadatas/0/value",
          "joinTokens": [ ":", ",password=", ",ssl=True,abortConnect=False" ],
          "firstToken": "inputTokens"
        }
      },
      {
        "name": "SECRETNAME",
        "kind": "Identity",
        "config": {
          "inwardFacingFields": [ "secretName" ],
          "outwardFacingField": "/metadatas/0/name"
        }
      },
      {
        "name": "CONNECTIONID",
        "kind": "Identity",
        "config": {
          "inwardFacingFields": [ "connectionId" ],
          "outwardFacingField": "/metadatas/1/value"
        }
      },
      {
        "name": "RESOURCEID",
        "kind": "Identity",
        "config": {
          "inwardFacingFields": [ "resourceId" ],
          "outwardFacingField": "/metadatas/2/value"
        }
      }
    ]
  },
  "metadataStartModel": {
    "metadatas": [
      {
        "kind": "Setting"
      },
      {
        "name": "connectionId",
        "kind": "DesignTimeManifest"
      },
      {
        "name": "resourceId",
        "kind": "DesignTimeManifest"
      }
    ]
  }
}
