{
  "resourceTypeForTelemetry": "SignalRService",
  "displayName": { "$ref": "strings:#/signalrAzureDisplayName" },
  "description": { "$ref": "strings:#/signalrAzureDescription" },
  "collectiveNoun": { "$ref": "strings:#/signalrCollectiveNoun" },
  "icon": {
    "$ref": "images:#/azureSignalR"
  },
  "entityApiVersion": "2022-02-01",
  "entityDataMapDefinition": {
    "name": "signaRResponseProcessor",
    "atomizers": [
      { "$ref": "/shared/datamap.json#/atomizers/idRepeaterTopLevelResource" },
      { "$ref": "/shared/datamap.json#/atomizers/type" },
      { "$ref": "/shared/datamap.json#/atomizers/location" },
      { "$ref": "/shared/datamap.json#/atomizers/name" },
      { "$ref": "/shared/datamap.json#/atomizers/tags" },
      {
        "name": "SKUNAME",
        "kind": "Identity",
        "config": {
          "outwardFacingField": "/sku/name",
          "inwardFacingFields": [ "skuName" ]
        }
      },
      {
        "name": "ENDPOINT",
        "kind": "Identity",
        "config": {
          "outwardFacingField": "/properties/endpoint",
          "inwardFacingFields": [ "endpoint" ]
        }
      }
    ],
    "transforms": [
      { "$ref": "/shared/datamap.json#/transforms/id" },
      { "$ref": "/shared/datamap.json#/transforms/resourceGroup" },
      { "$ref": "/shared/datamap.json#/transforms/type" },
      { "$ref": "/shared/datamap.json#/transforms/location" },
      { "$ref": "/shared/datamap.json#/transforms/name" },
      { "$ref": "/shared/datamap.json#/transforms/tags" },
      {
        "name": "skuName",
        "kind": "Identity",
        "config": {
          "transformedField": "skuName"
        }
      },
      {
        "name": "endpoint",
        "kind": "Identity",
        "config": {
          "transformedField": "endpoint"
        }
      }
    ],
    "deatomizers": [
      { "$ref": "/shared/datamap.json#/atomizers/id" },
      { "$ref": "/shared/datamap.json#/atomizers/resourceGroup" },
      { "$ref": "/shared/datamap.json#/atomizers/type" },
      { "$ref": "/shared/datamap.json#/atomizers/location" },
      { "$ref": "/shared/datamap.json#/atomizers/name" },
      { "$ref": "/shared/datamap.json#/atomizers/tags" },
      {
        "name": "SKUNAME",
        "kind": "Identity",
        "config": {
          "outwardFacingField": "/skuName",
          "inwardFacingFields": [ "skuName" ]
        }
      },
      {
        "name": "ENDPOINT",
        "kind": "Identity",
        "config": {
          "outwardFacingField": "/endpoint",
          "inwardFacingFields": [ "endpoint" ]
        }
      }
    ]
  },
  "apiVersion": "2022-02-01",
  "viewDefinitions": [
    {
      "name": "signalRConfigInstance",
      "kind": "VerticalContainer",
      "config": {
        "controls": {
          "secretName": {
            "kind": "ConnectionString",
            "config": {
              "binding": "SecretName",
              "optionsBinding": "ConnectionStringOptions",
              "label": { "$ref": "strings:#/connectionStringNameLabel" },
              "description": { "$ref": "strings:#/connectionStringNameDescription" },
              "isLoadingBinding": "AreConnectionStringOptionsLoading",
              "isReadOnlyBinding": "IsConfiguringSpecificSecretName"
            }
          }
        }
      }
    },
    {
      "name": "signalrProvisionInstance",
      "kind": "VerticalContainer",
      "config": {
        "controls": {
          "Locations": {
            "kind": "ComboBox",
            "config": {
              "binding": "SelectedLocation",
              "itemsBinding": "AvailableLocations",
              "isLoadingBinding": "IsLoadingLocations",
              "label": { "$ref": "strings:#/locationDropDownName" },
              "description": { "$ref": "strings:#/locationDropDownDescription" },
              "isRequired": true,
              "displayPath": "DisplayName"
            }
          },
          "Skus": {
            "kind": "ComboBox",
            "config": {
              "binding": "SelectedSku",
              "itemsBinding": "AvailableSkus",
              "label": { "$ref": "strings:#/signalrPricingTierDropDownName" },
              "description": { "$ref": "strings:#/signalrPricingTierDropDownDescription" },
              "isRequired": true,
              "displayPath": "displayName"
            }
          }
        }
      }
    }
  ],
  "modelDefinitions": [
    {
      "name": "signalrConfiguredInstance",
      "properties": { "$ref": "/shared/configure.json#/configureCommonProperties" },
      "dataSources": { "$ref": "/shared/configure.json#/configureCommonDataSources" }
    },
    {
      "name": "existingSignalR",
      "properties": {
        "skuName": {
          "kind": "Builtin",
          "dataType": "string"
        }
      }
    },
    {
      "name": "signalrProvisionInstance",
      "properties": {
        "commonProperties": { "$refmerge": "/shared/provision.json#/provisionCommonProperties" },
        "SelectedLocation": {
          "kind": "Custom",
          "modelType": "azure_location"
        },
        "SelectedLocationInternalName": {
          "kind": "Builtin",
          "dataType": "string"
        },
        "AvailableLocations": {
          "kind": "List",
          "modelType": "azure_location"
        },
        "AvailableSkus": {
          "kind": "List",
          "modelType": "signalrSku"
        },
        "SelectedSku": {
          "kind": "Custom",
          "modelType": "signalrSku"
        },
        "SelectedSkuName": {
          "kind": "Builtin",
          "dataType": "string"
        },
        "SelectedSkuLimit": {
          "kind": "Builtin",
          "dataType": "int"
        },
        "ExistingSignalRs": {
          "kind": "List",
          "modelType": "existingSignalR"
        },
        "IsLoadingLocations": {
          "kind": "Builtin",
          "dataType": "bool"
        },
        "IsLoadingSignalRs": {
          "kind": "Builtin",
          "dataType": "bool"
        },
        "contextProperties": { "$refmerge": "/shared/provision.json#/provisionContextProperties" }
      },
      "dataSources": {
        "resourceNameGenerator": {
          "kind": "ResourceNameGenerator",
          "outboundProperties": [ "ResourceName" ],
          "inboundProperties": [ "ResourceName", "LaunchParameters" ],
          "config": {
            "namingRules": { "$refmerge": "#/resourceNamingRules" },
            "nameWhenEmpty": "service",
            "seedKeyName": "ProjectName"
          }
        },
        "allowedLocations": {
          "kind": "Location",
          "inboundProperties": [ "SelectedSubscription" ],
          "outboundProperties": [ "AvailableLocations" ],
          "loadingStatusProperty": "IsLoadingLocations",
          "config": {
            "types": [ "Microsoft.SignalRService/SignalR" ]
          }
        },
        "promoteLocation": {
          "kind": "PromoteProperty",
          "inboundProperties": [ "SelectedLocation" ],
          "outboundProperties": [ "Location" ],
          "config": {
            "subProperty": "DisplayName"
          }
        },
        "promoteLocationInternalName": {
          "kind": "PromoteProperty",
          "inboundProperties": [ "SelectedLocation" ],
          "outboundProperties": [ "SelectedLocationInternalName" ],
          "config": {
            "subProperty": "InternalName"
          }
        },
        "maintainSelectedLocation": {
          "kind": "PreserveOrSelectPreferredLocation",
          "inboundProperties": [ "AvailableLocations", "SelectedLocation", "LaunchParameters" ],
          "outboundProperties": [ "SelectedLocation" ],
          "config": {
            "preferredLocationKey": "PreferredLocation"
          }
        },
        "promoteSelectedSkuName": {
          "kind": "PromoteProperty",
          "inboundProperties": [ "SelectedSku" ],
          "outboundProperties": [ "SelectedSkuName" ],
          "config": {
            "subProperty": "name"
          }
        },
        "promoteSelectedSkuLimit": {
          "kind": "PromoteProperty",
          "inboundProperties": [ "SelectedSku" ],
          "outboundProperties": [ "SelectedSkuLimit" ],
          "config": {
            "subProperty": "limit"
          }
        },
        "existingSignalRs": {
          "base": { "$refmerge": "/resourceTypes/signalr/select.json#/dataRetrieverDefinition" },
          "inboundProperties": [ "SelectedSubscription" ],
          "outboundProperties": [ "ExistingSignalRs" ],
          "loadingStatusProperty": "IsLoadingSignalRs"
        },
        "skuChoices": {
          "kind": "Literal",
          "inboundProperties": [],
          "outboundProperties": [ "AvailableSkus" ],
          "config": {
            "literal": [
              {
                "name": "Free_F1",
                "tier": "Free",
                "defaultCapacity": 1,
                "matchingValue": -1,
                "displayName": { "$ref": "strings:#/signalrPricingTierDisplayFree" },
                "limit": 4
              },
              {
                "name": "Standard_S1",
                "tier": "Standard",
                "defaultCapacity": 1,
                "matchingValue": 0,
                "displayName": { "$ref": "strings:#/signalrPricingTierDisplayStandard" },
                "limit": -1
              },
              {
                "name": "Premium_P1",
                "tier": "Premium",
                "defaultCapacity": 1,
                "matchingValue": 12,
                "displayName": { "$ref": "strings:#/signalrPricingTierDisplayPremium" },
                "limit": -1
              }
            ]
          }
        },
        "selectMatchingSku": {
          "kind": "PreserveOrSelectMatchingValue",
          "inboundProperties": [ "AvailableSkus", "SelectedSku", "LaunchParameters" ],
          "outboundProperties": [ "SelectedSku" ],
          "config": {
            "matchingValueContextKey": "SkuMatchingValue",
            "matchingValueCollectionKey": "matchingValue"
          }
        }
      }
    },
    {
      "name": "azure_location",
      "properties": {
        "DisplayName": {
          "kind": "Builtin",
          "dataType": "string"
        },
        "InternalName": {
          "kind": "Builtin",
          "dataType": "string"
        }
      }
    },
    {
      "name": "signalrSku",
      "properties": {
        "name": {
          "kind": "Builtin",
          "dataType": "string"
        },
        "tier": {
          "kind": "Builtin",
          "dataType": "string"
        },
        "defaultCapacity": {
          "kind": "Builtin",
          "dataType": "int"
        },
        "displayName": {
          "kind": "Builtin",
          "dataType": "string"
        },
        "limit": {
          "kind": "Builtin",
          "dataType": "int"
        },
        "matchingValue": {
          "kind": "Builtin",
          "dataType": "int"
        }
      }
    },
    {
      "name": "signalrCapabilities",
      "properties": {
        "name": {
          "kind": "Builtin",
          "dataType": "string"
        }
      }
    }
  ],
  "resourceNamingRules": {
    "minLength": 3,
    "maxLength": 63,
    "allowedFirstChars": "a-zA-Z",
    "allowedInteriorChars": "a-zA-Z0-9-",
    "allowedFinalChars": "a-zA-Z0-9",
    "bannedSequences": [ "--" ]
  }
}
